{
  "model_type": "XGBoost Regressor",
  "exam": "AP EAPCET MPC",
  "training_samples": 40000,
  "test_samples": 10000,
  "features": [
    "total_score",
    "physics_score",
    "chemistry_score",
    "maths_score",
    "attempted_questions",
    "correct_answers",
    "wrong_answers",
    "accuracy_percent",
    "easy_accuracy_percent",
    "medium_accuracy_percent",
    "hard_accuracy_percent"
  ],
  "metrics": {
    "test_r2": 0.999980628490448,
    "test_mae": 217.6392822265625,
    "test_rmse": 347.13388987536206,
    "cv_r2_mean": 0.9999773263931274,
    "cv_r2_std": 4.224787985484445e-07,
    "cv_mae_mean": 231.35873107910157
  },
  "feature_importance": {
    "total_score": 0.7394227981567383,
    "physics_score": 0.001061099930666387,
    "chemistry_score": 0.0013140777591615915,
    "maths_score": 0.02180987037718296,
    "attempted_questions": 0.008719761855900288,
    "correct_answers": 0.11102551966905594,
    "wrong_answers": 0.00011769783304771408,
    "accuracy_percent": 0.11647199839353561,
    "easy_accuracy_percent": 4.1927363781724125e-05,
    "medium_accuracy_percent": 1.267300103791058e-05,
    "hard_accuracy_percent": 2.596062586235348e-06
  },
  "exam_config": {
    "total_questions": 160,
    "max_marks": 160,
    "negative_marking": true,
    "total_candidates": 264840,
    "qualified_candidates": 189748,
    "tiebreak_order": [
      "maths_score",
      "physics_score",
      "chemistry_score"
    ]
  }
}