{
  "physics": {
    "model_type": "XGBoost Regressor",
    "subject": "physics",
    "exam": "AP EAPCET MPC",
    "max_score": 40,
    "num_questions": 40,
    "training_samples": 40000,
    "test_samples": 10000,
    "features": [
      "physics_score",
      "total_score",
      "attempted_questions",
      "correct_answers",
      "accuracy_percent"
    ],
    "metrics": {
      "test_r2": 0.9999798536300659,
      "test_mae": 243.2396240234375,
      "test_rmse": 376.3708900473043,
      "cv_r2_mean": 0.9999734163284302,
      "cv_r2_std": 1.2938464690413603e-06,
      "cv_mae_mean": 259.6884490966797
    },
    "feature_importance": {
      "physics_score": 0.8223395943641663,
      "total_score": 0.1657656580209732,
      "attempted_questions": 0.0003253286122344434,
      "correct_answers": 0.00989291351288557,
      "accuracy_percent": 0.0016765313921496272
    }
  },
  "chemistry": {
    "model_type": "XGBoost Regressor",
    "subject": "chemistry",
    "exam": "AP EAPCET MPC",
    "max_score": 40,
    "num_questions": 40,
    "training_samples": 40000,
    "test_samples": 10000,
    "features": [
      "chemistry_score",
      "total_score",
      "attempted_questions",
      "correct_answers",
      "accuracy_percent"
    ],
    "metrics": {
      "test_r2": 0.9999831914901733,
      "test_mae": 242.72203063964844,
      "test_rmse": 344.1868360716313,
      "cv_r2_mean": 0.9999763488769531,
      "cv_r2_std": 3.7353427678827463e-06,
      "cv_mae_mean": 260.7279388427734
    },
    "feature_importance": {
      "chemistry_score": 0.8299252390861511,
      "total_score": 0.16179174184799194,
      "attempted_questions": 0.0003644140379037708,
      "correct_answers": 0.006271733436733484,
      "accuracy_percent": 0.0016468456014990807
    }
  },
  "mathematics": {
    "model_type": "XGBoost Regressor",
    "subject": "mathematics",
    "exam": "AP EAPCET MPC",
    "max_score": 80,
    "num_questions": 80,
    "training_samples": 40000,
    "test_samples": 10000,
    "features": [
      "maths_score",
      "total_score",
      "attempted_questions",
      "correct_answers",
      "accuracy_percent"
    ],
    "metrics": {
      "test_r2": 0.9999797940254211,
      "test_mae": 254.84620666503906,
      "test_rmse": 375.5421497648433,
      "cv_r2_mean": 0.9999763250350953,
      "cv_r2_std": 3.0269302055183464e-06,
      "cv_mae_mean": 262.1693481445312
    },
    "feature_importance": {
      "maths_score": 0.7999187111854553,
      "total_score": 0.19443795084953308,
      "attempted_questions": 0.0002757121401373297,
      "correct_answers": 0.0010660707484930754,
      "accuracy_percent": 0.004301581997424364
    }
  }
}