{
  "model_type": "XGBoost Regressor",
  "exam": "TG EAPCET BiPC",
  "training_samples": 40000,
  "test_samples": 10000,
  "features": [
    "total_score",
    "botany_score",
    "zoology_score",
    "biology_score",
    "physics_score",
    "chemistry_score",
    "attempted_questions",
    "correct_answers",
    "wrong_answers",
    "accuracy_percent",
    "easy_accuracy_percent",
    "medium_accuracy_percent",
    "hard_accuracy_percent"
  ],
  "metrics": {
    "test_r2": 0.9999998807907104,
    "test_mae": 6.183511734008789,
    "test_rmse": 7.979644389248021,
    "cv_r2_mean": 0.9999998807907104,
    "cv_r2_std": 0.0,
    "cv_mae_mean": 6.507023429870605
  },
  "feature_importance": {
    "total_score": 0.47149935364723206,
    "botany_score": 7.582432886010793e-07,
    "zoology_score": 5.727158622903517e-07,
    "biology_score": 5.2761130064027384e-05,
    "physics_score": 1.0327897825845866e-06,
    "chemistry_score": 1.5072856740516727e-06,
    "attempted_questions": 8.04228772466331e-09,
    "correct_answers": 0.5284441113471985,
    "wrong_answers": 8.427276654288107e-09,
    "accuracy_percent": 1.264089011243641e-08,
    "easy_accuracy_percent": 7.395724033187889e-09,
    "medium_accuracy_percent": 8.56223891787522e-09,
    "hard_accuracy_percent": 8.702912168701005e-09
  },
  "exam_config": {
    "total_questions": 160,
    "max_marks": 160,
    "negative_marking": false,
    "total_candidates": 81198,
    "qualified_candidates": 70000,
    "tiebreak_order": [
      "biology_score",
      "physics_score",
      "chemistry_score"
    ]
  }
}