{
  "botany": {
    "model_type": "XGBoost Regressor",
    "subject": "botany",
    "exam": "TG EAPCET BiPC",
    "max_score": 40,
    "num_questions": 40,
    "training_samples": 40000,
    "test_samples": 10000,
    "features": [
      "botany_score",
      "biology_score",
      "total_score",
      "attempted_questions",
      "correct_answers",
      "accuracy_percent"
    ],
    "metrics": {
      "test_r2": 0.9999899864196777,
      "test_mae": 32.076290130615234,
      "test_rmse": 54.53502628400279,
      "cv_r2_mean": 0.9999892354011536,
      "cv_r2_std": 1.7828067101068698e-06,
      "cv_mae_mean": 33.41291809082031
    },
    "feature_importance": {
      "botany_score": 0.8389891982078552,
      "biology_score": 0.038831550627946854,
      "total_score": 0.12119650840759277,
      "attempted_questions": 0.0002623356122057885,
      "correct_answers": 0.000568508286960423,
      "accuracy_percent": 0.00015195616288110614
    }
  },
  "zoology": {
    "model_type": "XGBoost Regressor",
    "subject": "zoology",
    "exam": "TG EAPCET BiPC",
    "max_score": 40,
    "num_questions": 40,
    "training_samples": 40000,
    "test_samples": 10000,
    "features": [
      "zoology_score",
      "biology_score",
      "total_score",
      "attempted_questions",
      "correct_answers",
      "accuracy_percent"
    ],
    "metrics": {
      "test_r2": 0.9999916553497314,
      "test_mae": 31.048568725585938,
      "test_rmse": 49.77120994956572,
      "cv_r2_mean": 0.9999897956848145,
      "cv_r2_std": 9.753330788174992e-07,
      "cv_mae_mean": 34.29286193847656
    },
    "feature_importance": {
      "zoology_score": 0.8373008966445923,
      "biology_score": 0.03825342282652855,
      "total_score": 0.1234055608510971,
      "attempted_questions": 0.00031542812939733267,
      "correct_answers": 0.0005585855687968433,
      "accuracy_percent": 0.00016617636720184237
    }
  },
  "biology": {
    "model_type": "XGBoost Regressor",
    "subject": "biology",
    "exam": "TG EAPCET BiPC",
    "max_score": 80,
    "num_questions": 80,
    "training_samples": 40000,
    "test_samples": 10000,
    "features": [
      "biology_score",
      "total_score",
      "attempted_questions",
      "correct_answers",
      "accuracy_percent"
    ],
    "metrics": {
      "test_r2": 0.9999956488609314,
      "test_mae": 23.040735244750977,
      "test_rmse": 34.25716308534975,
      "cv_r2_mean": 0.9999946832656861,
      "cv_r2_std": 1.004050812208441e-06,
      "cv_mae_mean": 24.162855529785155
    },
    "feature_importance": {
      "biology_score": 0.8200269937515259,
      "total_score": 0.17727163434028625,
      "attempted_questions": 0.00037338209222070873,
      "correct_answers": 0.0021531630773097277,
      "accuracy_percent": 0.00017487682634964585
    }
  },
  "physics": {
    "model_type": "XGBoost Regressor",
    "subject": "physics",
    "exam": "TG EAPCET BiPC",
    "max_score": 40,
    "num_questions": 40,
    "training_samples": 40000,
    "test_samples": 10000,
    "features": [
      "physics_score",
      "total_score",
      "attempted_questions",
      "correct_answers",
      "accuracy_percent"
    ],
    "metrics": {
      "test_r2": 0.999988317489624,
      "test_mae": 46.193424224853516,
      "test_rmse": 70.12362479155117,
      "cv_r2_mean": 0.9999857664108276,
      "cv_r2_std": 1.3878541883420174e-06,
      "cv_mae_mean": 50.361027526855466
    },
    "feature_importance": {
      "physics_score": 0.8600255846977234,
      "total_score": 0.13315583765506744,
      "attempted_questions": 0.00018498148710932583,
      "correct_answers": 0.004866348579525948,
      "accuracy_percent": 0.001767231384292245
    }
  },
  "chemistry": {
    "model_type": "XGBoost Regressor",
    "subject": "chemistry",
    "exam": "TG EAPCET BiPC",
    "max_score": 40,
    "num_questions": 40,
    "training_samples": 40000,
    "test_samples": 10000,
    "features": [
      "chemistry_score",
      "total_score",
      "attempted_questions",
      "correct_answers",
      "accuracy_percent"
    ],
    "metrics": {
      "test_r2": 0.9999911189079285,
      "test_mae": 37.812992095947266,
      "test_rmse": 58.44507178552889,
      "cv_r2_mean": 0.9999878644943238,
      "cv_r2_std": 1.0189431021861124e-06,
      "cv_mae_mean": 40.881493377685544
    },
    "feature_importance": {
      "chemistry_score": 0.8647998571395874,
      "total_score": 0.12941955029964447,
      "attempted_questions": 0.00020836641488131136,
      "correct_answers": 0.004738023970276117,
      "accuracy_percent": 0.0008342735236510634
    }
  }
}