{
  "model_type": "XGBoost Regressor",
  "exam": "AP EAPCET BiPC",
  "training_samples": 40000,
  "test_samples": 10000,
  "features": [
    "total_score",
    "botany_score",
    "zoology_score",
    "biology_score",
    "physics_score",
    "chemistry_score",
    "attempted_questions",
    "correct_answers",
    "wrong_answers",
    "accuracy_percent",
    "easy_accuracy_percent",
    "medium_accuracy_percent",
    "hard_accuracy_percent"
  ],
  "metrics": {
    "test_r2": 0.9999997019767761,
    "test_mae": 6.727075099945068,
    "test_rmse": 8.809706224789215,
    "cv_r2_mean": 0.9999995589256286,
    "cv_r2_std": 2.8610229492187504e-07,
    "cv_mae_mean": 6.892606735229492
  },
  "feature_importance": {
    "total_score": 0.47694462537765503,
    "botany_score": 1.954481604116154e-06,
    "zoology_score": 1.4281033600127557e-06,
    "biology_score": 9.74397553363815e-05,
    "physics_score": 1.3588779665951733e-06,
    "chemistry_score": 3.5369323541090125e-06,
    "attempted_questions": 2.244149577279586e-08,
    "correct_answers": 0.5229496359825134,
    "wrong_answers": 2.9677623913926254e-08,
    "accuracy_percent": 2.3011223149183024e-08,
    "easy_accuracy_percent": 2.27675336361699e-08,
    "medium_accuracy_percent": 2.1550834006234254e-08,
    "hard_accuracy_percent": 2.5286027494075825e-08
  },
  "exam_config": {
    "total_questions": 160,
    "max_marks": 160,
    "negative_marking": false,
    "total_candidates": 75460,
    "qualified_candidates": 62000,
    "tiebreak_order": [
      "biology_score",
      "physics_score",
      "chemistry_score"
    ]
  }
}